"conversation_id_str","created_at","favorite_count","full_text","id_str","image_url","in_reply_to_screen_name","lang","location","quote_count","reply_count","retweet_count","tweet_url","user_id_str","username"
"1787790890175734073","Tue May 07 10:25:38 +0000 2024","4734","Pray For Faisal Halim. üá≤üáæüáÆüá© Berikut adalah rangkuman kejadian penyiraman air keras yang membuat pemain Timnas Malaysia Faisal Halim terancam pensiun dini: - Faisal sedang membawa keluarganya ke pusat perbelanjaan tiba-tiba dua orang naik motor mendekatinya dan melemparkan air https://t.co/qMhwvz2Li9","1787790890175734073","https://pbs.twimg.com/media/GM-CVsgbgAA4NzP.jpg","","in","","63","114","942","https://twitter.com/utdabout/status/1787790890175734073","3029512724","utdabout"
"1787144996241723529","Sun May 05 15:39:05 +0000 2024","6037","Nathan pake topi Ivar keren amat begitu Ô∏è : Timnas Indonesia acc https://t.co/8q083oNqaU","1787144996241723529","https://pbs.twimg.com/media/GM025wjbUAApQxj.jpg","","in","","52","22","541","https://twitter.com/jusahourly/status/1787144996241723529","1710535305609326592","jusahourly"
"1787842617226453037","Tue May 07 13:51:11 +0000 2024","4965","Suasana latihan timnas Indonesia di Eropa. Tepatnya di Perancis üáÆüá© PSSI &amp; KBRI Paris https://t.co/D7Ub1BFt7k","1787842617226453037","https://pbs.twimg.com/media/GM-xXrTasAAkk4M.jpg","","in","Terperangkap Offside","45","79","287","https://twitter.com/FaktaSepakbola/status/1787842617226453037","1316071146","FaktaSepakbola"
"1787689001522196517","Tue May 07 03:40:46 +0000 2024","2838","Timnas Putri üáÆüá© Anak tiri sepakbola Indonesia [kumparanbolanita] https://t.co/ZweP6Kt2v4","1787689001522196517","https://pbs.twimg.com/ext_tw_video_thumb/1787688882982846464/pu/img/oUgCSW3j3Sezzmtt.jpg","","in","Indonesia","24","80","389","https://twitter.com/indosupporter/status/1787689001522196517","110109093","indosupporter"
"1787669238653792389","Tue May 07 02:22:14 +0000 2024","2921","[A THREAD] APA ITU GARUDA REJECT??? GARUDA KOK REJECT??? -Timnas u16 putri yang dicaci maki netijen sepulang dari Kirgistan. -Keresahan seputar dunia fun football. -Timnas parody @Officialkjti Saatnya gue cerita tentang asal-usul komunitas dan nama 'GARUDA yang REJECT' ini. https://t.co/2DmkxRXblU","1787669238653792389","https://pbs.twimg.com/media/GM8TsTybwAAk9CI.jpg","","in","","25","32","474","https://twitter.com/addogerardo/status/1787669238653792389","120027270","addogerardo"
"1787477111915385014","Mon May 06 13:38:47 +0000 2024","21889"," RESMI : FIFA akhirnya merilis rangking untuk timnas futsal. Indonesia berada di peringkat 28 dunia coy. üáÆüá© https://t.co/zX5v8kZ0CD","1787477111915385014","https://pbs.twimg.com/media/GM5k9dwbsAA85k7.jpg","","in","","307","853","2345","https://twitter.com/idextratime/status/1787477111915385014","1222927522033094656","idextratime"
"1787283851351666865","Mon May 06 00:50:50 +0000 2024","6075","Timnas Indonesia U-23 Vs Guinea Disiarkan di FIFA+ Begini Cara Biar Bisa Nonton Gratis Streaming Timnas di FIFA + Video IG dato. bola https://t.co/AkQEFKpuyl","1787283851351666865","https://pbs.twimg.com/ext_tw_video_thumb/1787283824361291776/pu/img/3ryGmlmXt2hI5YEO.jpg","","in","Stadion GBK","41","75","1469","https://twitter.com/InfosuporterID/status/1787283851351666865","4379131152","InfosuporterID"
"1787467582985076789","Mon May 06 13:00:55 +0000 2024","1646","Adik-adik kita diajarin cara main bola sama temen-temennya dari Filipina Ini nih kalau punya timnas tapi belum punya kompetisi buat sepakbola perempuan U-17. Dikalahkan Filipina 1-6 jadi pelajaran penting banget gimana sih cara Filipina bikin pembinaan sepakbola perempuan https://t.co/HyCebnn5Ji","1787467582985076789","https://pbs.twimg.com/media/GM5cS04bQAAW8H_.jpg","","in","Indonesia","33","178","252","https://twitter.com/panditfootball/status/1787467582985076789","947281567","panditfootball"
"1787932578441474128","Tue May 07 19:48:39 +0000 2024","9"," Ome Tv Putih Bersih https://t.co/ZtelVzM53B https://t.co/10X8CPdUcx https://t.co/FvRqp46Lp8 https://t.co/EQV0APocsd https://t.co/5mfZblyb7O https://t.co/TvaEopJQPP anime onepiece manga netflix spotify mvs DoodStream Selasa Timnas https://t.co/XWfNVuVJkD","1787932578441474128","https://pbs.twimg.com/media/GNADMpcaQAAiwmu.jpg","","in","","0","0","2","https://twitter.com/sfelera/status/1787932578441474128","789650766969450496","sfelera"
"1787404116987363728","Mon May 06 08:48:44 +0000 2024","6587","Coach Justin: Tim kita (timnas Indonesia) ini medioker kita itu merasa karena euforianya luar biasa kita ini merasa bahwa tim ini harus menang terus. Mereka lupa 17 pemain itu Liga 1 6 pemain dari Liga luar dimana Liga luarnya juga tier 2 tier 3 Youth FC Utrecht Youth https://t.co/y5XAnw7VVw","1787404116987363728","https://pbs.twimg.com/ext_tw_video_thumb/1787403929992716288/pu/img/xFPebGCuDGNkgn87.jpg","","in","","107","325","1278","https://twitter.com/gilabola_ina/status/1787404116987363728","1170153265444442113","gilabola_ina"
"1787163350524383635","Sun May 05 16:52:01 +0000 2024","281","Mungkin TimNas Indonesia kemarin kalah kemarin sengaja mengalah takut Medalinya ditagih Bea cukai https://t.co/P3DFqOuAGS","1787163350524383635","https://pbs.twimg.com/ext_tw_video_thumb/1787162901612236800/pu/img/uP8Mp6xF3doZNC5h.jpg","","in","DKI Jakarta, Indonesia","11","56","115","https://twitter.com/Gojekmilitan/status/1787163350524383635","1249004237004009474","Gojekmilitan"
"1787774162905493566","Tue May 07 09:19:10 +0000 2024","1095","SOLUSI BEK KANAN TIMNAS INDONESIAüáÆüá©‚§µÔ∏è DAIJIRO CHIRINO (22/CB-RB/üá≥üá±üá®üáºüáÆüá©) Sukses bantu klubnya CD Castellonüá™üá∏ promosi ke LaLiga2 dan sekaligus mengunci gelar juara Divisi 3 Spanyol. Dilansir dari https://t.co/LcvOVlnNj3 dan futboll.indonesiaa Daijiro lahir di Belanda dan https://t.co/6DsOZVz7VV","1787774162905493566","https://pbs.twimg.com/media/GM9zHkKaYAAqt2E.jpg","","in","","11","46","71","https://twitter.com/bahaspemainbola/status/1787774162905493566","752990583858298880","bahaspemainbola"
"1787834503299469396","Tue May 07 13:18:56 +0000 2024","86","atlet renang indah bf pemain timnas u23 bf https://t.co/rYTWncjIKU","1787834503299469396","https://pbs.twimg.com/media/GM-p_5gbsAAoDyp.jpg","","in","","0","2","20","https://twitter.com/meowcico/status/1787834503299469396","1415551505608835079","meowcico"
"1787835639846899876","Tue May 07 13:23:27 +0000 2024","343","#Halo Nabila Taqiyyah #Halo Supporter Militan Timnas berikan doa yang terbaik untuk Indonesia di playoff Olimpiade Paris Indonesia vs Guinea ! 9 Mei ! Indonesia Bisa ! https://t.co/SWI4lB9g8B","1787835639846899876","https://pbs.twimg.com/ext_tw_video_thumb/1787835584175869952/pu/img/cBfZzM_GiA1QMfbB.jpg","","in","","0","0","39","https://twitter.com/lagilagibola/status/1787835639846899876","1464820564657328128","lagilagibola"
"1787452424225280085","Mon May 06 12:00:41 +0000 2024","1409","punya jiwa nasionalis utk mendukung timnas sendiri = fomo?","1787452424225280085","","","in","unknown","174","595","114","https://twitter.com/bodiedmyself/status/1787452424225280085","1245642756808044547","bodiedmyself"
"1787516415857377397","Mon May 06 16:14:58 +0000 2024","41","Beranda twit &amp; ig gue beneran udh berubah 180 derajat. Kmrn penuh dg kpop (nct) Skrg penuh dg timnas indonesia (nathan tjoe) Apakah ini pertanda saya hrs pensiun dr dunia kpop? Selamat dtg wahai barudak voc kuÔ∏è Jajahan kalian beneran blm berhenti ya ternyata sampe skrg https://t.co/qmjtINKWVq","1787516415857377397","https://pbs.twimg.com/ext_tw_video_thumb/1787516340384976896/pu/img/yi5eVu1QeZFfglhX.jpg","","in","Kota Palembang","0","0","1","https://twitter.com/dbygallerry/status/1787516415857377397","1064144888273371136","dbygallerry"
"1787023022777635116","Mon May 06 02:46:44 +0000 2024","0","@Aryprasetyo85 Pantes timnas males menang takut piala nya ditahan Bea Cukai ternyata https://t.co/BsBnbeZ6Id","1787313018663272781","https://pbs.twimg.com/ext_tw_video_thumb/1787313002968133632/pu/img/Yio89l5QZBNQrgzn.jpg","Aryprasetyo85","in","","0","0","0","https://twitter.com/Mase34024421/status/1787313018663272781","1004203531144843264","Mase34024421"
"1787538888904560649","Mon May 06 17:44:16 +0000 2024","3","ivar tuh kayaknya everyone s favorite deh bener2 bocil banget dia di mata abang2nya di timnas ini gemey https://t.co/Z1oUMJIe2U","1787538888904560649","https://pbs.twimg.com/ext_tw_video_thumb/1787538789050851328/pu/img/fOe7YE2fy1kdJ8-8.jpg","","in","DO NOT FOLLOW!!","0","0","0","https://twitter.com/fairycubsunit/status/1787538888904560649","1014880928026411009","fairycubsunit"
"1787423770111857019","Mon May 06 10:06:50 +0000 2024","274"," 1Ô∏è‚É£1Ô∏è‚É£ pertama #TimnasDay üáÆüá© #KitaGaruda #BersamaGaruda #GarudaMendunia #PertiwiBerani https://t.co/1IfdrtxmTt","1787423770111857019","https://pbs.twimg.com/media/GM40cjCbcAAvqLV.jpg","","in","Indonesia","12","10","31","https://twitter.com/TimnasIndonesia/status/1787423770111857019","1678973209172152320","TimnasIndonesia"
"1787524135599710339","Mon May 06 16:45:39 +0000 2024","0","Thom Haye jadi salah satu yang paling disorot. Pasalnya ia merupakan pemain termahal yang dimiliki Timnas Indonesia. Melansir laman transfermarkt harga pasarnya saat ini berada di angka Rp52 14 miliar. https://t.co/cAjRnNpyNL","1787524135599710339","https://pbs.twimg.com/ext_tw_video_thumb/1787523965998747648/pu/img/n2RGnX_6DoKMELHU.jpg","","in","","0","0","0","https://twitter.com/BeeMrikeb/status/1787524135599710339","1701254444778917888","BeeMrikeb"
"1787355191173612023","Mon May 06 05:34:19 +0000 2024","2736","Federasi Sepak bola Guinea (GFF) menunjuk Kaba Diawara (pelatih timnas senior Guinea) untuk menangani timnas üá¨üá≥ Guinea U23 jelang laga Play-off Olimpiade Paris 2024 melawan üáÆüá© Indonesia U23. Kaba Diawara merupakan mantan pemain Arsenal dan PSG. Kabarnya di Laga melawan https://t.co/MTbA8yGHSc","1787355191173612023","https://pbs.twimg.com/media/GM32ExcaQAA090v.jpg","","in","","247","475","136","https://twitter.com/gilabola_ina/status/1787355191173612023","1170153265444442113","gilabola_ina"
"1787633971800772822","Tue May 07 00:02:06 +0000 2024","0","doi nih vibesnya tenang bgt ya kalem (walau suka marah2) trs kek teratur bgtt ga di lapangan ga di luar lapangan sama aja tenangnya mana masih muda (kita seumuran) ku kalo jadi timnas kayanya ga berani bercandain dia https://t.co/5vRwRiImSO","1787633971800772822","","","in","rant Àò·µïÀò","0","0","0","https://twitter.com/kamalhiu/status/1787633971800772822","1228212247853293569","kamalhiu"
"1787764724370960708","Tue May 07 08:46:26 +0000 2024","12","@kegblgnunfaedh Cukup satu ini untuk menggambarkan pertandingan timnas vs guinea jd inget dulu film space jam https://t.co/DFF3sgnFBy","1787765924898234791","https://pbs.twimg.com/media/GM9roCrbEAAWOhT.jpg","kegblgnunfaedh","in","Bandung","0","1","3","https://twitter.com/IMVANEX/status/1787765924898234791","892775046","IMVANEX"
"1787837569172209781","Tue May 07 13:31:07 +0000 2024","0","NKRI sedang tidak baik2 saja.Pemain timnas malah gabung Isrewel tololisasi https://t.co/lIctdKQV0E","1787837569172209781","https://pbs.twimg.com/ext_tw_video_thumb/1787837266108518400/pu/img/bBidPL_BdwbtDnso.jpg","","in","kenteng, susukan,semarang,jate","0","0","0","https://twitter.com/MahesaMuna196/status/1787837569172209781","1755628014371532803","MahesaMuna196"
"1787581003864961254","Mon May 06 20:31:37 +0000 2024","1017","Timnas Futsal Indonesia menempati posisi ke-28 dalam peringkat FIFA terbaru yang dirilis pada Senin (6/5). Skuad Garuda secara total mengemas 1142.84 poin. Tim asuhan Marcos Sorato itu juga menduduki peringkat ke-5 di kawasan Asia! üáÆüá© Untuk lima besar FIFA dihuni oleh Brasil https://t.co/fqfeDSTOLZ","1787581003864961254","https://pbs.twimg.com/media/GM7DWRHacAAaguE.jpg","","in","Indonesia","2","14","63","https://twitter.com/GOAL_ID/status/1787581003864961254","27197792","GOAL_ID"
"1787456265867976716","Mon May 06 12:15:57 +0000 2024","524","ALL OUT MENUJU OLIMPIADEüáÆüá© Kesempatan terakhir Timnas Indonesia menuju Olimpiade Paris 2024 melawan Guinea. Mumpung tanggal merah kita full dukung INDONESIA GUYS!! Saksikan Indonesia vs Guinea Kamis 9 Mei pukul 18.00 WIB LIVE hanya di RCTI #RCTISPORTS #TimnasIndonesia https://t.co/nM8mW5qlOy","1787456265867976716","https://pbs.twimg.com/media/GM5Rf8TbQAA7CIG.jpg","","in","Jakarta Barat, DKI Jakarta","18","46","135","https://twitter.com/OfficialRCTI/status/1787456265867976716","191384973","OfficialRCTI"
"1787705909445345748","Tue May 07 04:47:57 +0000 2024","508","P Assalamualaikum @ Timnas Indonesia. Ilaix Moriba (Getafe/Loaned by RB Leipzig) &amp; Aguibou Camara (Atromitos/Loaned by Olympiacos) sudah datang ke TC Guinea U-23. https://t.co/8wNjojJIos","1787705909445345748","https://pbs.twimg.com/media/GM81ALaaoAARSv2.jpg","","in","Indonesia","28","127","27","https://twitter.com/garagarabola_/status/1787705909445345748","1042719651250110464","garagarabola_"
"1787628703985684889","Mon May 06 23:41:10 +0000 2024","1133","Tuhan Selamatkan Jusa dan yg lain dari para Sasaeng lebih penting. Yg katanya gak sengaja sehotel ( iya mmg ga sengaja awalnya) tp malah Poto2in depan roomnya anak timnas trs diupload di Tiktok. Jelas ada logo koper timnas ikut kepoto. Mana warga Tiktok banyak yg iri. Sick!","1787628703985684889","","","in","","81","68","181","https://twitter.com/jusahourly/status/1787628703985684889","1710535305609326592","jusahourly"
"1787430589035065741","Mon May 06 10:33:55 +0000 2024","19","Semoga TimNas sudah beradaptasi dengan suhu di Perancis. Nathan Noel Romeo Tjoe-A-on semoga di pertandingan Kamis 9 Mei nanti kembali membantu Ernando dalam mempertahankan gawang Indonesia aamiin aamiin aamiin ya rabbal alamin. Doa terbaik untuk seluruh Tim Tim...kalian hebat https://t.co/m7gnYNZBdm","1787430589035065741","https://pbs.twimg.com/ext_tw_video_thumb/1787426181110956032/pu/img/Hchd4HkAsIMRyrg3.jpg","","in","","0","2","1","https://twitter.com/nenglaela93/status/1787430589035065741","1588842390324137984","nenglaela93"
"1787428754459120077","Mon May 06 10:26:38 +0000 2024","1","Coach Justin Harap Netizen Realistis Komentator Sebut Timnas Indonesia U-23 Bisa Saja Juara Dunia Asal ... https://t.co/2x86A1r2VG","1787428754459120077","","","in","Kota Bandung","0","0","0","https://twitter.com/dickyaditya7/status/1787428754459120077","112616155","dickyaditya7"
"1787668316351512926","Tue May 07 02:18:34 +0000 2024","213","ùóûùóòùóïùóòùóßùó®ùóüùóîùó° Justin Hubner bukan (belum menjadi) pilar utama Cerezo Osaka tapi klub melalui empat laga tanpa kemenangan selama ditinggal sang bek untuk memperkuat timnas Indonesia Terbaru Shinji Kagawa dkk. harus mengakui keunggulan tuan rumah Gamba Osaka 1-0 https://t.co/32S0UkKi0e","1787668316351512926","https://pbs.twimg.com/media/GM8S1M1bkAAJNiw.jpg","","in","Indonesia","1","10","8","https://twitter.com/GOAL_ID/status/1787668316351512926","27197792","GOAL_ID"
"1787810858896404577","Tue May 07 11:44:59 +0000 2024","1","PSSI sebagai induk sepak bola Indonesia menunjukkan keseriusannya dalam mempersiapkan Timnas Indonesia U-23 untuk berlaga di Olimpiade Paris 2024. https://t.co/UWnQhxPE3k","1787810858896404577","","","in","Pontianak, Kalimantan Barat","0","0","0","https://twitter.com/BorneoStreet/status/1787810858896404577","1305152759625166848","BorneoStreet"
"1787377693497172115","Mon May 06 07:03:44 +0000 2024","352","PANGGUNG BESAR &amp; JALAN PANJANG SANG IL MAGICO MARSELINO‚ÄºÔ∏è üáÆüáπAntonio Gagliardi seorang analys sepakbola yang sukses membawa Timnas Italia juara EURO 2020 mengatakan ada 3 pemain muda yang menjadi MVP dalam Asian Cup U-23. Dua nama terbawah beliau tertulis üáØüáµJoe Fujita/DMF &amp; https://t.co/78Yz7kU05V","1787377693497172115","https://pbs.twimg.com/media/GM4KfZRbgAAJSu7.jpg","","in","Jakarta Capital Region, Indone","2","21","43","https://twitter.com/labiebsadat/status/1787377693497172115","143446480","labiebsadat"
"1787458061948629487","Mon May 06 12:23:05 +0000 2024","758","Fans timnas dan suporter klub lokal itu berasal dari masyarakat yg sama dgn konstituen dalam Pemilu. Jadi tolong jangan gumunan apalagi terheran-heran.","1787458061948629487","","","in","Di antara Larashati dan Serat ","14","23","352","https://twitter.com/zenrs/status/1787458061948629487","57409021","zenrs"
"1787319170310525076","Mon May 06 03:11:11 +0000 2024","266","Ada peran orang Amerika Serikat yang bikin PSV bisa juara Eredivisie lagi. Earnest Earnie Stewart Jr. is the name Direktur Teknis/Sepakbola yang mantep banget ini. Timnas AS berkembang pesat juga ketika beliau jadi eksekutif di sana. https://t.co/rWYw2iijGa","1787319170310525076","https://pbs.twimg.com/amplify_video_thumb/1787136370202251264/img/DeywGxRtXJ_ST3-n.jpg","","in","Indonesia","3","12","41","https://twitter.com/aunrrahman/status/1787319170310525076","2230091384","aunrrahman"
"1787355522603393333","Mon May 06 05:35:38 +0000 2024","184","Akankah terjadi dalam waktu dekat? __________________ #indonesia #timnas #marselino #nathantjoeaon #hubner #ivarjenner https://t.co/ui7rpHEErO","1787355522603393333","https://pbs.twimg.com/media/GM32YA9akAAb84W.jpg","","in","Indonesia","0","8","13","https://twitter.com/TMidn_news/status/1787355522603393333","416704702","TMidn_news"
"1787301197038379121","Mon May 06 01:59:46 +0000 2024","570","NURHIDAYAT IN ACTION! Panggilan Timnas? Terlalu jauh. Bagiku liat dia kembali menemukan kebahagian diatas lapangan itu jauh lebih penting terlebih melakukannya dengan klub luar Indonesia. Semangat NHH! https://t.co/RkSw079Per","1787301197038379121","https://pbs.twimg.com/ext_tw_video_thumb/1787061671036637184/pu/img/L-AnlKoPFtELCMf8.jpg","","in","Indonesia","4","47","47","https://twitter.com/Indostransfer/status/1787301197038379121","811427632336146433","Indostransfer"
"1787289802251083942","Mon May 06 06:26:54 +0000 2024","175","@gilabola_ina blunder ini masa dblg fans fomo ini timnas broo bukan club wajar ajaa yg awalnya gatertarik sm bola tapi karena prestasi timnas menaik ya smakin didukung ini bawa nama negara coo masa dblg banyak fans fomo ","1787368425100394834","","gilabola_ina","in","not available","0","3","14","https://twitter.com/lucyxfoolzz/status/1787368425100394834","103511721","lucyxfoolzz"
"1787409061002219792","Mon May 06 09:08:23 +0000 2024","335","Pemain-pemain üá¨üá≥ Guinea U23 tim yang akan melawan timnas üáÆüá© Indonesia di Play-off Olimpiade Paris 2024: Tinggi kekar dan punya kecepatan. https://t.co/5PTa6E1RyY","1787409061002219792","https://pbs.twimg.com/media/GM4nEVma0AE7MPP.jpg","","in","","29","116","38","https://twitter.com/gilabola_ina/status/1787409061002219792","1170153265444442113","gilabola_ina"
"1787707569508868263","Tue May 07 04:54:33 +0000 2024","1860","Ilaix Moriba sudah tiba di Paris untuk bergabung bersama timnas Guinea U23 jelang laga play-off Olimpiade melawan Indonesia U23. ilaix Moriba berusia 21 tahun kini bermain di Getafe dengan status pinjaman dari RB Leipzig. Pada 2021 lalu pernah bermain di Barcelona satu tim https://t.co/ghCxy3BC0F","1787707569508868263","https://pbs.twimg.com/media/GM82YhoaIAAIGTX.jpg","","in","Terperangkap Offside","117","359","115","https://twitter.com/FaktaSepakbola/status/1787707569508868263","1316071146","FaktaSepakbola"
"1787446549058146783","Mon May 06 11:37:21 +0000 2024","1667","üáÆüá© Alfeandra Dewangga Otw Paris! Dewangga akan bergabung dengan Skuat Timnas Indonesia U-23 untuk laga playoff vs Guinea U-23. Good luck! https://t.co/5A6DbxpilI","1787446549058146783","https://pbs.twimg.com/media/GM5JHHWbkAAROQk.jpg","","in","Terperangkap Offside","13","23","81","https://twitter.com/FaktaSepakbola/status/1787446549058146783","1316071146","FaktaSepakbola"
"1787726481302655458","Tue May 07 06:09:42 +0000 2024","0","SEPEKAN UIN SATU SIP #17 (29 April - 4 Mei 2024) Nobar semifinal AFC U23 Asian Cup 2024 Timnas Indonesia U23 vs Uzbekistan U23. Menteri Agama RI resmikan alih status UIN SATU Tulungagung Gedung Prajnaparamita dan Gedung Startup. Ada agenda apa lagi Sobat SATU? Check it out! https://t.co/y4soNmvQ3t","1787726481302655458","https://pbs.twimg.com/ext_tw_video_thumb/1787726426520879105/pu/img/L4fLdRvbea9ZB1md.jpg","","in","","0","0","0","https://twitter.com/uinsatu_spark/status/1787726481302655458","1680146792233697280","uinsatu_spark"
"1787326434589237615","Mon May 06 03:40:03 +0000 2024","490"," Males nonton liga 1 penontonnya barbar. Fans timnas ya berasal dr masyarakat yg sama dg suporter klub lokal. Ga usah heran kalo podo wae. Yg bikin case di timnas lbh jarang ya krn matchnya dikit + perjumpaan fisik rutin dg fans lawan (apalagi di luar matchday) nyaris ga ada","1787326434589237615","","","in","Di antara Larashati dan Serat ","6","13","242","https://twitter.com/zenrs/status/1787326434589237615","57409021","zenrs"
"1787139325773467710","Sun May 05 15:16:33 +0000 2024","37","Timnas Indonesia kalo pake jersey putih kenapa makin keren ya https://t.co/NBCtuxp0Al","1787139325773467710","https://pbs.twimg.com/media/GM0xvesbYAAoF_M.jpg","","in","","0","4","6","https://twitter.com/gilabola_ina/status/1787139325773467710","1170153265444442113","gilabola_ina"
"1787441667899011377","Mon May 06 11:17:57 +0000 2024","148","P PSSI ga pengen jualan merchandise timnas kah? Kayak KFA yg jualan phone case versi pemain timnas Korea gitu. Ntar saya beli yg Hubner 25 ","1787441667899011377","","","in","","27","10","13","https://twitter.com/jusahourly/status/1787441667899011377","1710535305609326592","jusahourly"
"1787457851247730914","Mon May 06 12:22:15 +0000 2024","200","INDONESIA &amp; JUARA DUNIA - Sebenernya mudah bagi Timnas utk membawa pulang piala AFC Olimpiade hingga World Cup ke Indonesia. - Namun tingginya bea/pajak masuk piala-piala itu ke tanah air menjadi alasan Timnas Indonesia utk memilih mengalah di even-even internasional. #Ngik https://t.co/PHolbtOK7h","1787457851247730914","https://pbs.twimg.com/media/GM5TcTWboAAO4rj.jpg","","in","Indonesia","4","65","62","https://twitter.com/HumorJonTampan/status/1787457851247730914","257090687","HumorJonTampan"
"1787405092666351679","Mon May 06 08:52:37 +0000 2024","772","DEWAnya timnas ikut ke Paris juga nih. Semoga selamat sampai tujuan https://t.co/TWC4f4jZIG","1787405092666351679","https://pbs.twimg.com/media/GM4jc9FaQAAxs2h.jpg","","in","Indonesia","21","33","26","https://twitter.com/garagarabola_/status/1787405092666351679","1042719651250110464","garagarabola_"
"1787484678385181036","Mon May 06 14:08:51 +0000 2024","249","Apa perlu pakai cara Timnas Putra dengan mengandalkan Liga Putri Belanda sebagai pabrik Naturalisasi kawah cadradiMUka Timnas Putri kita? https://t.co/x8gqNeJh7B","1787484678385181036","https://pbs.twimg.com/media/GM5r1lQbkAA-njW.jpg","","in","Ngadi King of The South","1","15","25","https://twitter.com/MafiaWasit/status/1787484678385181036","2794327166","MafiaWasit"
"1787496233281662986","Mon May 06 14:54:46 +0000 2024","0","Buat yang kemaren fomo nonton timnas vs Uzbekistan terus sok-sok an nyalahin wasit nyohh dengerin kata @CoachJustinL https://t.co/o7Yz4Lbnlw","1787496233281662986","https://pbs.twimg.com/ext_tw_video_thumb/1787496165669478400/pu/img/T1_saypDKMKxyrVP.jpg","","in","Shinjuku-ku, Tokyo","0","1","0","https://twitter.com/zriesoxee/status/1787496233281662986","1553670252579667968","zriesoxee"
"1787146999059657096","Sun May 05 15:47:02 +0000 2024","238","Save ùê≠ùê°ùêû ùêùùêöùê≠ùêûùê¨! üÜöÔ∏è2Ô∏è‚É£ tim Asia Timur üÜöÔ∏è1Ô∏è‚É£ tim Asia Tenggara #KitaGaruda #BersamaGaruda #GarudaMendunia #PertiwiBerani https://t.co/NKGD5bQyav","1787146999059657096","https://pbs.twimg.com/media/GM04uRbbUAA6t4J.jpg","","in","Indonesia","6","13","35","https://twitter.com/TimnasIndonesia/status/1787146999059657096","1678973209172152320","TimnasIndonesia"
"1787279645534240867","Mon May 06 00:34:08 +0000 2024","0","Cek Jersey Timnas Indonesia Home dengan harga Rp126.560. Dapatkan di Shopee sekarang! https://t.co/VUdinWOBak https://t.co/zmjdQTyH61","1787279645534240867","https://pbs.twimg.com/media/GM2xXIhbMAAeFZV.jpg","","in","Pipir jalan","0","0","0","https://twitter.com/DrGhosthing/status/1787279645534240867","1248761865552842752","DrGhosthing"
"1787317634624786694","Mon May 06 03:05:05 +0000 2024","9","https://t.co/QPGbP8rcvq Melalui tulisan ini riset yang dilakukan oleh coach GP adalah mengacu pada metode latihan mata ala Dr. Sherylle Calder P.hd. (mantan pelatih cabor Rugby Timnas Inggris 2003) yang mendirikan perusahaan konsultan yang dinamai EyeGym . Ô∏è","1787317634624786694","","","in","Indonesia","0","1","2","https://twitter.com/AndrianDA15/status/1787317634624786694","1354363470968315905","AndrianDA15"
"1787723240976310527","Tue May 07 05:56:49 +0000 2024","37","Pak @erickthohir bs sampaikan ke STY kelemahan utama pemain GUINEA tidak bisa menahan tawa. Buat mereka kehilangan fokus dgn tampilan Timnas Indonesia yg lucu. Dan pastikan listrik stadion tdk mati . Berat melawan orang yg tdk terlihat. https://t.co/CxgZVipRdy","1787723240976310527","https://pbs.twimg.com/ext_tw_video_thumb/1787723086521155584/pu/img/4UTxz0C1dd7eudGv.jpg","","in","DKI Jakarta, Indonesia","0","7","10","https://twitter.com/dhyansabilla_/status/1787723240976310527","1041624973","dhyansabilla_"
"1787838526631125061","Tue May 07 13:34:55 +0000 2024","135","Republik Lobi Lobi. Menteri Pemuda dan Olahraga (Menpora) Dito Ariotedjo mengaku masih menunggu hasil pertemuannya dengan Duta Besar (Dubes) Jepang untuk Indonesia Masaki Yasushi sebagai salah satu upaya agar bek Justin Hubner bergabung ke Timnas Indonesia U-23. Pada https://t.co/MnN9XL7oJc","1787838526631125061","https://pbs.twimg.com/media/GM-tqhPaEAEBuAW.jpg","","in","Stadion GBK","28","51","31","https://twitter.com/InfosuporterID/status/1787838526631125061","4379131152","InfosuporterID"
"1787137306903851142","Sun May 05 15:08:32 +0000 2024","280","Dah pernah dicoba PSSi disekitar tahun 2011 hasilnya lahirlah PSSi tandingan operator Liga tandingan bahkan sampai Timnas Tandingan yang sempet mengalahkan Australia 0-8. https://t.co/t6CDXe56xC","1787137306903851142","https://pbs.twimg.com/media/GM0vruhbcAAZqLC.png","","in","Ngadi King of The South","2","18","47","https://twitter.com/MafiaWasit/status/1787137306903851142","2794327166","MafiaWasit"
"1787709726610043018","Tue May 07 05:03:07 +0000 2024","30","Guinea menambah kedalaman skuat mereka dengan memanggil 4 pemain Junior rasa senior. Jangan gentar sebagian besar skuat timnas kita sudah pernah lawan Argentina kok. KITA HARUS MENANGGGGüáÆüá© #BolalobFootball https://t.co/9ywj0QuZJK","1787709726610043018","https://pbs.twimg.com/media/GM84hcPaMAAA9T0.jpg","","in","Lapangan Futsal, Indonesia","0","2","6","https://twitter.com/Bolalob/status/1787709726610043018","141161798","Bolalob"
"1787538359038136829","Mon May 06 17:42:10 +0000 2024","14","Marselino @marcengggg semoga nanti pas timnas indonesia vs guinea main di Paris Prancis lino mainnya segacor Kylian Mbappe Menara Eiffel udah dikujungin ngak akan sekalian nonton pertandingan UCL PSG vs Dortmund ? Ayo semangat ceng buktikan ! #Marselino #Timnas https://t.co/VkGjaCkQrc","1787538359038136829","https://pbs.twimg.com/ext_tw_video_thumb/1787538321230680064/pu/img/285KjAeTN1pu4Ed2.jpg","","in","Bandung, Indonesia","0","1","1","https://twitter.com/fiqryfauzian17_/status/1787538359038136829","1526069346715324417","fiqryfauzian17_"
"1787780150580625446","Tue May 07 09:42:57 +0000 2024","0","Ayo Indonesia gw yakin bisa lolos olimpiade #timnas #bola #sepakbola #sepakbolaindonesia https://t.co/ncC8PbxCee","1787780150580625446","https://pbs.twimg.com/ext_tw_video_thumb/1787780117768650752/pu/img/y6sIt5YfjyXJystS.jpg","","in","","0","0","0","https://twitter.com/Abizarananda1/status/1787780150580625446","1780436270659100672","Abizarananda1"
"1787781068348960902","Tue May 07 09:46:36 +0000 2024","1","Jelang laga melawan Guinea pelatih Timnas U-23 Indonesia Shin Tae-yong lebih berkonsentrasi untuk menjaga kebugaran pemain. Yuk baca informasi selengkapnya di https://t.co/knaa7gNgx7 #BonusDemografi #ShinTaeyong #TimnasU23Indonesia https://t.co/vmewPqrh3h","1787781068348960902","","","in","DKI Jakarta","0","0","0","https://twitter.com/faktacom_/status/1787781068348960902","1664572693180747777","faktacom_"
"1787506456344047754","Mon May 06 15:35:24 +0000 2024","0","Tragedi yang sangat Disayangkan Timnas Malaysia #fypviraltwitter #Bsport #Malaysian #viralvideo https://t.co/KzdrTcLdWX","1787506456344047754","https://pbs.twimg.com/ext_tw_video_thumb/1787506301725253632/pu/img/YwTH-XprWTOZf7nl.jpg","","in","","0","0","0","https://twitter.com/boimanunri/status/1787506456344047754","1782341807030071296","boimanunri"
"1787448216835006586","Mon May 06 11:43:58 +0000 2024","109","Jangan terlalu membebani para pemain Fun Football yang dipanggil PSSi ke Timnas Putri yang mereka hadapi saat ini adalah Timnas yang Federasinya punya Liga Putri https://t.co/wST0ap36L1","1787448216835006586","https://pbs.twimg.com/media/GM5Kl6KbUAA6QJH.png","","in","Ngadi King of The South","0","11","37","https://twitter.com/MafiaWasit/status/1787448216835006586","2794327166","MafiaWasit"
"1787505375467704505","Mon May 06 15:31:06 +0000 2024","0","Gol berkelas Dari Timnas wanita Indonesia U17 Afcasiancup #fypviraltwitter #Afcasian #Bsport https://t.co/cqhHBzgYxY","1787505375467704505","https://pbs.twimg.com/ext_tw_video_thumb/1787505229090754560/pu/img/1EkRVPUa5kic9Rya.jpg","","in","","0","0","0","https://twitter.com/boimanunri/status/1787505375467704505","1782341807030071296","boimanunri"
"1787353049322958884","Mon May 06 05:25:49 +0000 2024","0","Timnas juni ready? https://t.co/yf1c7LUHJs","1787353049322958884","https://pbs.twimg.com/media/GM30HitbcAA-2VI.jpg","","in","Bojonegoro, Indonesia","0","2","0","https://twitter.com/alastman01/status/1787353049322958884","1139831602341482496","alastman01"
"1787864546855842171","Tue May 07 15:18:19 +0000 2024","0","''Semangat Kebangkitan untuk Indonesia'' Nobar bersama bapak Senior Manager Sumbagut dan tim Riau-Kepri. Meskipun kala tidak menurunkan semangat TIMNAS Garuda Muda mendukung kebangkitan nasional tanah air yaitu Indonesia. #LifeAtPupuk #MakmurBersamaIndonesia #PupukIndonesiaAda https://t.co/GSDqSfqPBo","1787864546855842171","https://pbs.twimg.com/ext_tw_video_thumb/1787864437418061824/pu/img/-KF_gtdb3lMcqdsN.jpg","","in","","0","0","0","https://twitter.com/Fauz4nnu12/status/1787864546855842171","1781959125817323520","Fauz4nnu12"
"1787636807515185214","Tue May 07 00:13:22 +0000 2024","8","Selamat pagi dulur... Mumpung masih pagi mari sejenak kita berdoa smoga timnas menang di laga playoff Aamiin. Ohiya bisakah nanti nonton pertandingan di tv ini? ( sekedar tanya) https://t.co/GvniLejAfM","1787636807515185214","https://pbs.twimg.com/ext_tw_video_thumb/1787636752553017344/pu/img/_NfQYDz2RYfy6sb-.jpg","","in","","0","2","0","https://twitter.com/Aku_MohArwani/status/1787636807515185214","1224264141860298752","Aku_MohArwani"
"1787154210674614385","Sun May 05 16:15:42 +0000 2024","0","Mewing &amp; plot twist sepanjang weekend. Diperparah oleh server Discord Motion Ime pake ditakedown saat lagi nobar streaming bola Timnas &amp; UCL. Jadilah kudu adaptasi ke posisi baru lagi. Hadeh udah capek2 grinding padahal. Lalu ada aja kejadian lucu temen2 gue. #AddMyBeer https://t.co/ZXMFK3mEI3","1787154210674614385","https://pbs.twimg.com/tweet_video_thumb/GM0_Rv6bQAAXQQS.jpg","","in","Kemayoran, Indonesia","0","0","0","https://twitter.com/adelz_faith/status/1787154210674614385","153466371","adelz_faith"
"1787646092668284990","Tue May 07 00:50:16 +0000 2024","1","lihat analisis ini jadi ngerti kenapa James lebih milih CW ketimbang ler Seandainya persiapan timnas kek sea games 2023 mungkin emas bisa ditangan kali https://t.co/ciiwglkNk0","1787646092668284990","","","in","Jakarta, Indonesia","0","1","0","https://twitter.com/demigodddd22/status/1787646092668284990","1155294144912228352","demigodddd22"
"1787447693755002959","Mon May 06 11:41:54 +0000 2024","2","Timnas Putri Indonesia U-17 tengah bertandng melawan Filipina U-17 di #AFCU17Women. Claudia Scheunemann melepaskan gol roket ke gawang Filipina U-17. Namun sayang saat ini Garuda Pertiwi sedang tertinggal dengan skor 1-4. #GarudaPertiwi #TimnasDay https://t.co/TzswfymZxr","1787447693755002959","https://pbs.twimg.com/ext_tw_video_thumb/1787440738894020609/pu/img/1AFoMp_twoUsIgob.jpg","","in","DKI Jakarta, Indonesia","0","1","3","https://twitter.com/luarlapangan_id/status/1787447693755002959","1751288721633386496","luarlapangan_id"
"1787880624768078221","Tue May 07 16:22:12 +0000 2024","3","ayooooo para cegil¬≤ timnas apalagi kalo kalian kpopers jg - BANTU VOTE RAFAEL!! https://t.co/meXItibXd0 sudah terbiasa vote buat bias masing¬≤ kan skrg saatnya kita bantu timnas indonesia yaaa gumawooooo chingu ","1787880624768078221","","","in","Kamar Gue","0","1","0","https://twitter.com/KaaaaiiiiRaaaa/status/1787880624768078221","1401552842331017217","KaaaaiiiiRaaaa"
"1787669238653792389","Tue May 07 02:44:06 +0000 2024","52","Sialnya Timnas harus ketemu Socceroos di pertandingan ke-3 dan takluk 11-0. Jemari netizen Indonesia langsung menghajar habis2an anak2 SMP ini tanpa ampun :( gue baca komennya aja sampe gakuat anjir jahat bgt. Di match ini juga jd debut kiper Fani yg kemarin abroad ke Saudi. https://t.co/dZAkeA0xTu","1787674742063005783","https://pbs.twimg.com/media/GM8YsqibwAAIFVN.jpg","addogerardo","in","","0","2","5","https://twitter.com/addogerardo/status/1787674742063005783","120027270","addogerardo"
"1787950551017418824","Tue May 07 21:00:04 +0000 2024","0","TIMNAS vs IRAQ Terimakasih atas Perjuangannya Garuda Muda Ô∏èüáÆüá© #AFCU23AsianCup #TimnasIndonesia #TimnasU23 https://t.co/Nngj74svBo","1787950551017418824","https://pbs.twimg.com/ext_tw_video_thumb/1787950443710296064/pu/img/Cw5jJypRkenO5p_s.jpg","","in","Depok, Jawa Barat","0","0","0","https://twitter.com/Iptiyah1/status/1787950551017418824","1221948226640564226","Iptiyah1"
"1787763950589018175","Tue May 07 08:38:35 +0000 2024","0","Timnas Futsal Indonesia Putra berada di peringkat ke-28 dunia dalam ranking terbaru yang dirilis FIFA. Indonesia pun menempati posisi kelima untuk zona Asia https://t.co/OYEbCM3NT1 #mediadigitalcpp #indotvlive #fifa #futsal #timnas #indonesia https://t.co/UIvL9rfNao","1787763950589018175","https://pbs.twimg.com/ext_tw_video_thumb/1787761211251326976/pu/img/8vQWjJv7ZnB8sLns.jpg","","in","","0","0","0","https://twitter.com/mediadigitalcpp/status/1787763950589018175","1274996555909525504","mediadigitalcpp"
"1787159378434707502","Sun May 05 16:36:14 +0000 2024","275","Inilah contoh yg minmas bilang di space kemarin. Yang Bar√ßa butuhkan sebagai pelapis MATS itu kiper berlabel timnas gapapa dari negara tier B Eropa juga Lunin sudah membuktikan.","1787159378434707502","","","in","","1","20","18","https://twitter.com/LaMasia_idn/status/1787159378434707502","1708899410422497280","LaMasia_idn"
"1787509474980462935","Mon May 06 15:47:23 +0000 2024","64","Tim nasional Indonesia telah tiba di Paris Prancis. Mereka akan melakoni laga play-off untuk memperebutkan tiket terakhir Olimpiade Kamis (9/5). Kedatangkan Timnas U23 disambut oleh duta besar Indonesia untuk Prancis Mohamad Oemar. #Timnas #Indonesia #Paris #Prancis https://t.co/q5sFlEGiP4","1787509474980462935","https://pbs.twimg.com/ext_tw_video_thumb/1787509119320203264/pu/img/Z07hx6z9H-xjgYJt.jpg","","in","Jakarta, Indonesia","2","4","5","https://twitter.com/republikaonline/status/1787509474980462935","22126902","republikaonline"
"1787701392854982807","Tue May 07 04:30:00 +0000 2024","0","Arya Sinulingga stasiun televisi nasional bisa menyiarkan secara langsung Timnas Indonesia U-23 kontra Timnas Guinea U-23 #ThePhraseID #TimnasIndonesia #TimnasGuinea #Olimpiade2024 #Paris2024 https://t.co/lGN61P0pjW","1787701392854982807","","","in","","0","0","0","https://twitter.com/ThePhraseID/status/1787701392854982807","1385513704322600961","ThePhraseID"
"1787473359628083528","Mon May 06 13:23:53 +0000 2024","116","Timnas futsal putri Indonesia ada di ranking 14 pada ranking terbaru FIFA yang rilis pada hari ini. https://t.co/P9wkHjkqyD","1787473359628083528","https://pbs.twimg.com/media/GM5hZ0LbsAAwGDC.png","","in","Indonesia","3","6","37","https://twitter.com/womensfootie_id/status/1787473359628083528","1454368958","womensfootie_id"
"1787427033867559191","Mon May 06 10:19:48 +0000 2024","1","Hebat yak Timnas Korut bisa main di Bali... https://t.co/r6FfPKLMZZ","1787427033867559191","https://pbs.twimg.com/tweet_video_thumb/GM43Y38bEAALizX.jpg","","in","#RepublikHomPimPah","0","1","0","https://twitter.com/KicauSunyi/status/1787427033867559191","260575817","KicauSunyi"
"1787429577494827490","Mon May 06 10:29:54 +0000 2024","0","CloseTheDoor kalo bawa topik timnas gini mah gua tonton sampe abis. Nih dengerin pesan2 buat lu netizen yang suka meramaikan kolom komentar pemain. https://t.co/HvJqAQjroD","1787429577494827490","https://pbs.twimg.com/ext_tw_video_thumb/1787429338104975360/pu/img/MELuADYxuSeNPS-X.jpg","","in","London, England","0","0","0","https://twitter.com/GoonersPusat/status/1787429577494827490","1519129767043383298","GoonersPusat"
"1787979152215462318","Tue May 07 22:53:43 +0000 2024","0","Bursa Pasar Taruhan Timnas U23 Indonesia Versus Timnas U23 Guinea Ini Angka Perbandingannya...!!! https://t.co/h7p4eq2Bqf https://t.co/TIQELF9IRH","1787979152215462318","https://pbs.twimg.com/ext_tw_video_thumb/1787979124566540288/pu/img/fBkUbCBogvI38soz.jpg","","in","Jakarta","0","0","0","https://twitter.com/WawanKu08354672/status/1787979152215462318","1554457742236336130","WawanKu08354672"
"1787332246225223803","Mon May 06 04:03:09 +0000 2024","12","Sempat Digadang-gadang Jadi Bintang Timnas Indonesia Syamsir Alam Malah Melempem Kariernya Umbar Kisah di Uruguay Ternyata...: Kisah Syamsir Alam sempat digadang-gadang jadi bintang Timnas Indonesia namun kariernya sebagai atlet malah melempem ia https://t.co/4y4uDp09eq https://t.co/3KNLejmO4f","1787332246225223803","https://pbs.twimg.com/media/GM3hNPuaAAAzYAT.jpg","","in","Pulo Gadung, Indonesia","1","2","2","https://twitter.com/tvOneNews/status/1787332246225223803","55507370","tvOneNews"
"1787829436261544002","Tue May 07 14:15:40 +0000 2024","2","@timpenguinnas Tapi di poin C tertulisnya ... di wilayah Republik Indonesia Pan. Atau mungkin ada UU lain yang jadi alasan penolakan/WO buat timnas sepakbola (atau cabor lain) kalau semisal terpaksa lawan Israel? https://t.co/XgGmuhfymp","1787848778994851982","https://pbs.twimg.com/media/GM-2-qxbIAAiMXm.jpg","timpenguinnas","in","Tegal, Jawa Tengah","0","3","0","https://twitter.com/dehiburansi/status/1787848778994851982","1571185503013314561","dehiburansi"
"1787697646750364123","Tue May 07 04:15:07 +0000 2024","40","TNTE BOHAY NGEWSS SMBIL NOBAR TIMNAS DI OYOO https://t.co/Z5spXcH277 Ô∏è https://t.co/w3CfsNIg83 Ô∏è doods viral #viralindo #viralvideo #viral mufc doodstream","1787697646750364123","","","in","","0","0","3","https://twitter.com/doodterhot/status/1787697646750364123","1772281175203364864","doodterhot"
"1787391889534222400","Mon May 06 08:00:09 +0000 2024","19","Runyam... Ruwet... Begitulah gambaran BUMN dipimpin oleh cing @erickthohir... Tapi Erick Thohir lebih mengutamakan dompelng prestasi Timnas Indonesia ketimbang bersih-bersih perusahaan BUMN... Suram!!! @OniMeniq74 @Penyair_Berdiri @Penyuka_ombak @Anak__Ogi https://t.co/bUSpf3XPT2 https://t.co/hmMBCDxS6q","1787391889534222400","https://pbs.twimg.com/media/GM4Xc2Ba8AA6X4B.jpg","","in","Tangerang, Indonesia","0","0","19","https://twitter.com/elpanjullo/status/1787391889534222400","2958782773","elpanjullo"
"1787741253742002650","Tue May 07 07:08:24 +0000 2024","6","Indonesia akan menjalani laga penentu untuk mendapatkan tiket ke Olimpiade melawan wakil Afrika Guinea. Laga ini akan digelar di Clairefontaine Prancis Kamis Skuad asuhan Shin Tae-yong itu pun telah berada di Prancis dan tengah menjalani latihan. #Latihan #Timnas #Indonesia https://t.co/ei36lYsGZw","1787741253742002650","https://pbs.twimg.com/ext_tw_video_thumb/1787741185311956992/pu/img/wAjLI2MP2hnE43BE.jpg","","in","Jakarta, Indonesia","0","1","2","https://twitter.com/republikaonline/status/1787741253742002650","22126902","republikaonline"
"1787444111362191679","Mon May 06 11:27:39 +0000 2024","153","Kemarin landing di Soetta balik dari Jogja jalan bareng Lio lewatin beberapa GS yang langsung bisik2 sama temen2nya ‚ÄçÔ∏èNathan Nathan.. ‚ÄçÔ∏èSiapa? ‚ÄçÔ∏èItuuuu Nathaaan iya kan?! Dikira kita berdua Nathan &amp; Ivar lagi mau ke GBK Ô∏è Demam TimNas di mana2 kita dukung yg baik ya","1787444111362191679","","","in","di suatu tempat ku berpijak","10","15","18","https://twitter.com/Dsinathrya/status/1787444111362191679","196540711","Dsinathrya"
"1787333023031349711","Mon May 06 04:06:14 +0000 2024","24","PSSI (@PSSI) telah bersurat untuk klub Justin Hubner dan Elkan Baggott agar bisa melepas mereka membela timnas Indonesia U-23 di babak playoff melawan Ginuea. #PSSI #JustinHubner #ElkanBaggott #TimnasIndonesia #U23 #Playoff #Ginuea https://t.co/jdmHAbGGHj","1787333023031349711","https://pbs.twimg.com/ext_tw_video_thumb/1787332846082007040/pu/img/YGGf7b4U0ZYFxwJd.jpg","","in","","0","0","5","https://twitter.com/Metro_TV/status/1787333023031349711","57261519","Metro_TV"
"1787810520206332159","Tue May 07 11:43:38 +0000 2024","2","sukanya nonton shorts tu begini bisa nyimak momen-momen spektakuler Shorts waktu Nathan menyelamatkan gawang TimNas #epic #spektakuler https://t.co/brrHc7Qy5P","1787810520206332159","","","in","","0","0","0","https://twitter.com/soma_cemeng/status/1787810520206332159","1378938829457911808","soma_cemeng"
"1787734152374304860","Tue May 07 06:40:11 +0000 2024","14","Malu2in aje mana ada Pemain gak dilepas Klub tapi minta tolong lewat birokrasi buat mengintervensi emang bener2 lucu Lagian klo kayak gitu justru semakin menegaskan klo Timnas kita lemah Lah waktu Final kemaren aje Uzbekistan ditinggal 3 Pemain utamanya yg balik ke klubnya","1787734152374304860","","","in","Mampang Prapatan ","0","6","6","https://twitter.com/KepaArgawinata7/status/1787734152374304860","1712328551515709440","KepaArgawinata7"
"1787718279651618973","Tue May 07 05:37:06 +0000 2024","2","Menpora Minta Dukungan Pemerintah Jepang untuk Ikut Dorong Cerezo Osaka Izinkan Justin Hubner Perkuat Timnas Indonesia U-23 https://t.co/cLOoHS1ovv #TempoSport","1787718279651618973","","","in","Indonesia","0","0","0","https://twitter.com/tempodotco/status/1787718279651618973","18129942","tempodotco"
"1787409519569756219","Mon May 06 09:10:12 +0000 2024","1","Penyiraman Air Keras pada Pemain Timnas Sedot Perhatian Besar FA Malaysia Sebut Kondisi Faisal Halim Mengerikan: Pria yang dicuriga pelaku penyerangan pun telah diamankan oleh Kepolisian Petailing Jaya tak lama setelah melakukan penyerangan. https://t.co/7jWBHurrDG https://t.co/3Xpe9Wcu0r","1787409519569756219","https://pbs.twimg.com/media/GM4nfHKaoAAMbX2.jpg","","in","Pulo Gadung, Indonesia","0","1","0","https://twitter.com/tvOneNews/status/1787409519569756219","55507370","tvOneNews"
"1787756787724337370","Tue May 07 08:10:07 +0000 2024","2","KNVB Benar-benar Dibuat Pusing karena 3 Pemain Keturunan Belanda Ini Lebih Pilih Main untuk Timnas Indonesia: Fenomena pemain keturunan Belanda yang banyak memilih untuk bermain bagi tanah leluhurnya yakni Timnas Indonesia membuat KNVB kebingungan dalam https://t.co/BI7DL05A2R https://t.co/xYYI1ptnW3","1787756787724337370","https://pbs.twimg.com/media/GM9jU0LakAAcs6u.jpg","","in","Pulo Gadung, Indonesia","1","0","0","https://twitter.com/tvOneNews/status/1787756787724337370","55507370","tvOneNews"
"1787370452765323739","Mon May 06 08:33:57 +0000 2024","1","@tanyarlfes Timnas Indonesia makin gacor! https://t.co/UTJpx9u0Lu","1787400397851963763","","tanyarlfes","in","","0","0","5","https://twitter.com/sisiPolitik62/status/1787400397851963763","1661985667688337409","sisiPolitik62"
"1787458007405822106","Mon May 06 12:22:52 +0000 2024","19","Yang kalah di pertandingan ini bukan Timnas Putri U-17 tapi PSSI.","1787458007405822106","","","in","Mindy's Bakery","0","0","13","https://twitter.com/yogach_/status/1787458007405822106","1375697797945511939","yogach_"
"1787830366856007748","Tue May 07 13:02:30 +0000 2024","0","‚óè Mantap mbak lanjutkan harumkan nama Kulon Progo dan Indonesia di Paris dalam Paralimpiade. Selanjutnya doa juga untuk Timnas Sepak Bola Indonesia agar bisa lolos dalam Olimpiade Paris. ‚óè Sumber : @radarjogja https://t.co/BmjFwWjUmo ‚óè Loc : Kulon Progo Yogyakarta. https://t.co/4dog3u1xfJ","1787830366856007748","https://pbs.twimg.com/media/GM-mJqDbIAA52SV.jpg","","in","Kulon Progo, Yogyakarta","0","0","0","https://twitter.com/panoramaKP/status/1787830366856007748","81806050","panoramaKP"
"1787687715938709804","Tue May 07 03:35:39 +0000 2024","89","Menpora Temui Dubes Jepang Minta Cerezo Osaka Lepas Justin Hubner untuk Perkuat Timnas U23 https://t.co/lxHbpwCGeD","1787687715938709804","","","in","Indonesia","104","83","9","https://twitter.com/KompasTV/status/1787687715938709804","71436318","KompasTV"
"1787678815675945382","Tue May 07 03:00:17 +0000 2024","308","Pemain Timnas Malaysia yang kemarin disiram air keras berpotensi untuk pensiun dini","1787678815675945382","","","in","√úT: -7.9231,112.59244","1","26","35","https://twitter.com/id_fm/status/1787678815675945382","570872480","id_fm"
"1787803839011459216","Tue May 07 11:17:05 +0000 2024","1","PSSI mencoba membujuk Ipswich Town agar melepas Elkan Baggott ke timnas U-23 Indonesia demi tiket terakhir ke Olimpiade Paris 2024. Netizen pun diminta untuk ikut membujuk menggunakan cara yang sopan. üáÆüá© #KitaGaruda https://t.co/rppRqIYGtE","1787803839011459216","","","in","Indonesia","0","0","0","https://twitter.com/BolaSportcom/status/1787803839011459216","78239324","BolaSportcom"
"1787827034439434428","Tue May 07 12:49:15 +0000 2024","1","Menpora Dito Meminta Dukungan Jepang untuk Perjuangan Timnas U23 Indonesia di Kualifikasi Olimpiade Paris 2024 https://t.co/S1Ibbnryu1","1787827034439434428","","","in","Pontianak, Kalimantan Barat","0","0","0","https://twitter.com/BorneoStreet/status/1787827034439434428","1305152759625166848","BorneoStreet"
"1787748345219523066","Tue May 07 07:36:34 +0000 2024","0","Sederet Masalah Timnas U-23 di Prancis Jelang Lawan Guinea https://t.co/9hn72LOFmN","1787748345219523066","","","in","","0","0","1","https://twitter.com/IDNTimesSport/status/1787748345219523066","1616278024907034625","IDNTimesSport"
"1787821969205055796","Tue May 07 12:29:08 +0000 2024","0","Petuah Menpora ke Pemain Timnas U-23: Jangan Urusi Warganet! https://t.co/o9QYPvV0NE","1787821969205055796","","","in","","0","0","1","https://twitter.com/IDNTimesSport/status/1787821969205055796","1616278024907034625","IDNTimesSport"
"1787809745887543467","Tue May 07 11:40:33 +0000 2024","1","Pertandingan Timnas U-23 Lawan Guinea Akhirnya Bisa Ditonton https://t.co/3Fncam5qEp","1787809745887543467","","","in","Jakarta","0","0","0","https://twitter.com/BloombergTZ/status/1787809745887543467","1582972008479920129","BloombergTZ"
"1787834060930453775","Tue May 07 13:17:11 +0000 2024","0","Illaix Moriba Gelandang Guinea yang Jadi Ancaman Timnas U-23 https://t.co/MRSPEGEFwh","1787834060930453775","","","in","","0","0","1","https://twitter.com/IDNTimesSport/status/1787834060930453775","1616278024907034625","IDNTimesSport"
"1787267911587131493","Sun May 05 23:47:30 +0000 2024","0","Playoff Olimpiade: PSSI Berharap Baggott Gabung Timnas Indonesia U-23 https://t.co/fL5oyj24Xv","1787267911587131493","","","in","","0","0","0","https://twitter.com/suster_slot/status/1787267911587131493","1515525370870898695","suster_slot"
"1787882224353964237","Tue May 07 16:28:34 +0000 2024","0","Jumlah Followers Instagram Pemain Timnas Indonesia U-23 Siapa Juara? https://t.co/vHJ39b6ZAB","1787882224353964237","","","in","Jakarta, Indonesia","0","0","0","https://twitter.com/SportCornerID/status/1787882224353964237","1635136760459198465","SportCornerID"
"1787612671367606281","Mon May 06 22:37:27 +0000 2024","0","Damn gw mimpi timnas kalah 2-0","1787612671367606281","","","in","Kpop Fan","0","1","0","https://twitter.com/offmyduty/status/1787612671367606281","1367679074127122440","offmyduty"
"1787487633066905975","Mon May 06 14:20:36 +0000 2024","0","NJIR #Timnas https://t.co/OfECqtIJOK","1787487633066905975","","","in","Dunia Fana","0","0","0","https://twitter.com/twili9htAdmirer/status/1787487633066905975","79918417","twili9htAdmirer"
"1787834345409089693","Tue May 07 13:18:18 +0000 2024","0","Tak Cuma Guinea Timnas Indonesia U-23 Pun Harus Lawan Dinginnya Paris https://t.co/sxQMbHatFS","1787834345409089693","","","in","Jakarta, Indonesia","0","0","0","https://twitter.com/SportCornerID/status/1787834345409089693","1635136760459198465","SportCornerID"
"1787855143758885071","Tue May 07 14:40:57 +0000 2024","0","Disiram Air Keras Bintang Timnas Malaysia Faisal Halim Pensiun Dini? https://t.co/N6KWxfBpFu","1787855143758885071","","","in","Jakarta, Indonesia","0","0","0","https://twitter.com/SportCornerID/status/1787855143758885071","1635136760459198465","SportCornerID"
"1787702321281130648","Tue May 07 04:33:41 +0000 2024","0","Timnas U23 Mulai Persiapan Melawan Guinea STY Keluhkan Kualitas Lapangan https://t.co/KTVA6vcIFq","1787702321281130648","","","in","","0","0","0","https://twitter.com/avip_bluesman/status/1787702321281130648","1485183773377720329","avip_bluesman"
"1787915049400680794","Tue May 07 18:39:00 +0000 2024","0","Rekan Jordi Amat Jadi Korban ketiga Serangan ke Pemain Timnas Malaysia https://t.co/U3WzAORRHD","1787915049400680794","","","in","Jakarta, Indonesia","0","0","0","https://twitter.com/SportCornerID/status/1787915049400680794","1635136760459198465","SportCornerID"
"1787379797154512995","Mon May 06 07:12:06 +0000 2024","0","Selain Justin Hubner Elkan Baggott Diminta ke Timnas U-23 https://t.co/r5WCSYfvLs","1787379797154512995","","","in","","0","0","1","https://twitter.com/IDNTimesSport/status/1787379797154512995","1616278024907034625","IDNTimesSport"
"1787840694377423146","Tue May 07 13:43:32 +0000 2024","0","Hasil Jepang Vs Thailand Piala Asia U17 Wanita 2024: Timnas Putri Gajah Putih Keteteran Babak Kedua https://t.co/a7PqETpToc","1787840694377423146","","","in","Jawai Selatan..SAMBAS KAL-BAR","0","0","0","https://twitter.com/anddi98/status/1787840694377423146","428858579","anddi98"
"1787457133216502126","Mon May 06 12:19:24 +0000 2024","55","Kami pernah bilang tempo hari kalau emang mending garap sepakbola perempuan kalau sepakbola laki-laki susah diselamatkan karena reach point-nya lebih gampang dicapai. Buktinya lihat Haiti. Timnas laki-lakinya suram timnas perempuan lolos piala dunia untuk pertama kalinya.","1787457133216502126","","","in","In Your Notification Push","1","8","20","https://twitter.com/ConcacafID/status/1787457133216502126","1339234809713868801","ConcacafID"
"1787355191173612023","Mon May 06 06:12:29 +0000 2024","1922","@gilabola_ina Nikmatin aja. Kapan lagi Timnas ketemu Tim2 kelas dunia kaya gini wong biasanya ketemu Timor Leste Laos atau Kamboja wkwk","1787364796259807658","","gilabola_ina","in","","10","37","107","https://twitter.com/xvenantx/status/1787364796259807658","900128160","xvenantx"
"1787313808278761622","Mon May 06 02:49:53 +0000 2024","0","Predator Ganas Algassime Bah Cukup Jadi Sorotan Shin Tea Yong Yakin Timnas U23 Raih Tiket Olympiade? https://t.co/AU0RHLf44A","1787313808278761622","","","in","Cilacap, Jawa Tengah","0","0","0","https://twitter.com/cilacapupdate1/status/1787313808278761622","1453124783944572936","cilacapupdate1"
"1787313761285767513","Mon May 06 02:49:42 +0000 2024","0","Jelang Play Off Timnas U 23 Asuhan Shin Tea Yong Perlu Waspadai Predator Berdarah Afrika Ini Gentarkah? https://t.co/052u3fkz5T","1787313761285767513","","","in","Cilacap, Jawa Tengah","0","0","0","https://twitter.com/cilacapupdate1/status/1787313761285767513","1453124783944572936","cilacapupdate1"
"1787418358864052660","Mon May 06 09:45:20 +0000 2024","0","Cara Nonton Gratis Timnas Indonesia U-23 vs Guinea U-23 Lakukan Proses Secepatnya Biar Tidak Ketinggalan https://t.co/Ntgl1YWl9j","1787418358864052660","","","in","Kota Bandung","0","0","0","https://twitter.com/dickyaditya7/status/1787418358864052660","112616155","dickyaditya7"
"1787485352225280408","Mon May 06 14:11:32 +0000 2024","0","Ukir Gol Berkelas Claudia Scheunemann Dipuji Bintang Timnas Indonesia https://t.co/iROA0q0q99","1787485352225280408","","","in","Jakarta, Indonesia","0","0","0","https://twitter.com/SportCornerID/status/1787485352225280408","1635136760459198465","SportCornerID"
